condition,stressor,montage,dropout_fraction,metric,metric_role,n_subjects,clean_mean,condition_mean,mean_delta_condition_minus_clean,delta_ci_low,delta_ci_high,median_delta_condition_minus_clean,median_delta_ci_low,median_delta_ci_high,delta_sd,cohens_dz,t_statistic,t_p_value,wilcoxon_statistic,wilcoxon_p_value,sign_test_p_value,shapiro_p_value_delta,n_worse_than_clean,pct_worse_than_clean,n_better_than_clean,pct_better_than_clean,t_p_value_bh_fdr,wilcoxon_p_value_bh_fdr,sign_test_p_value_bh_fdr
channel_dropout_0.1,channel_dropout,all_channels,0.1,roc_auc,primary,9,0.8853707793065699,0.8546369590245928,-0.030733820281977228,-0.04690296058567703,-0.014564679978277425,-0.02824273823679302,-0.04155342279599106,-0.01449889587226083,0.021035270566331716,-1.4610613248383244,-4.3831839745149725,0.002338791709306677,0.0,0.00390625,0.00390625,0.6067933727676,9,1.0,0,0.0,0.003446640413715103,0.004755434782608696,0.004755434782608696
channel_dropout_0.1,channel_dropout,all_channels,0.1,balanced_accuracy,secondary,9,0.8271072796934864,0.6251450465243569,-0.2019622331691297,-0.2394753709171043,-0.1644490954211551,-0.2143226600985222,-0.2406034482758621,-0.17870689655172423,0.048802780327174035,-4.138334574693779,-12.41500372408134,1.6538513095069857e-06,0.0,0.00390625,0.00390625,0.14197684368664004,9,1.0,0,0.0,5.145315185132844e-06,0.004755434782608696,0.004755434782608696
channel_dropout_0.1,channel_dropout,all_channels,0.1,brier_score,calibration,9,0.12249099241170638,0.28642159299242265,0.1639306005807162,0.14191017536461592,0.1859510257968165,0.1620219388822362,0.1554196539183086,0.1673859655050049,0.028647509620554963,5.722333380877682,17.167000142633047,1.3482733849658453e-07,0.0,0.00390625,0.00390625,0.27332067496349266,9,1.0,0,0.0,7.550330955808733e-07,0.004755434782608696,0.004755434782608696
channel_dropout_0.1,channel_dropout,all_channels,0.1,ece,calibration,9,0.11582002166387478,0.3080956411917687,0.19227561952789396,0.16759247853088305,0.21695876052490487,0.1722068192854475,0.1669935064731588,0.22729051960199326,0.032111574242461915,5.987735701653743,17.963207104961228,9.459095832251229e-08,0.0,0.00390625,0.00390625,0.021885378902483994,9,1.0,0,0.0,6.62136708257586e-07,0.004755434782608696,0.004755434782608696
channel_dropout_0.2,channel_dropout,all_channels,0.2,roc_auc,primary,9,0.8853707793065699,0.8222261857576959,-0.06314459354887411,-0.0894451714245008,-0.036844015673247424,-0.07452522507219306,-0.08576949210123996,-0.03205028027857981,0.03421578149940931,-1.8454815521300956,-5.5364446563902865,0.0005496502645297186,0.0,0.00390625,0.00390625,0.24616807632501198,9,1.0,0,0.0,0.0009053063180489483,0.004755434782608696,0.004755434782608696
channel_dropout_0.2,channel_dropout,all_channels,0.2,balanced_accuracy,secondary,9,0.8271072796934864,0.5718431855500821,-0.25526409414340445,-0.3154427217752017,-0.1950854665116072,-0.2842241379310345,-0.3091625615763546,-0.21652709359605915,0.07828948792384005,-3.2605155674504496,-9.781546702351347,1.0007498359269673e-05,0.0,0.00390625,0.00390625,0.15706967671619687,9,1.0,0,0.0,2.8020995405955083e-05,0.004755434782608696,0.004755434782608696
channel_dropout_0.2,channel_dropout,all_channels,0.2,brier_score,calibration,9,0.12249099241170638,0.35096586714051836,0.228474874728812,0.1935066548413547,0.2634430946162693,0.24305503221529792,0.210938454676108,0.2490552818189322,0.04549196511006428,5.022312713377731,15.066938140133193,3.722665660141553e-07,0.0,0.00390625,0.00390625,0.1427681525777748,9,1.0,0,0.0,1.4890662640566213e-06,0.004755434782608696,0.004755434782608696
channel_dropout_0.2,channel_dropout,all_channels,0.2,ece,calibration,9,0.11582002166387478,0.36211131650573763,0.24629129484186288,0.22964617427205297,0.2629364154116728,0.25010205140937464,0.23252228663594948,0.2582232997984051,0.021654497902714547,11.373678389974975,34.12103516992493,5.947485573897296e-10,0.0,0.00390625,0.00390625,0.9498266091946528,9,1.0,0,0.0,8.326479803456214e-09,0.004755434782608696,0.004755434782608696
channel_dropout_0.3,channel_dropout,all_channels,0.3,roc_auc,primary,9,0.8853707793065699,0.7781437442198442,-0.10722703508672589,-0.14645187370590115,-0.06800219646755062,-0.11024460676065906,-0.1464013928996093,-0.06501868523866139,0.05102962048552757,-2.101270479115877,-6.303811437347631,0.00023183319858995375,0.0,0.00390625,0.00390625,0.5227251761389848,9,1.0,0,0.0,0.0004057080975324191,0.004755434782608696,0.004755434782608696
channel_dropout_0.3,channel_dropout,all_channels,0.3,balanced_accuracy,secondary,9,0.8271072796934864,0.5392063492063491,-0.28790093048713733,-0.35876786473767963,-0.217033996236595,-0.31560344827586206,-0.3500123152709359,-0.22853448275862076,0.09219445859007709,-3.122757429133861,-9.368272287401583,1.3786483533103232e-05,0.0,0.00390625,0.00390625,0.16570446864013932,9,1.0,0,0.0,3.509286717517186e-05,0.004755434782608696,0.004755434782608696
channel_dropout_0.3,channel_dropout,all_channels,0.3,brier_score,calibration,9,0.12249099241170638,0.38092575631095515,0.25843476389924874,0.21922272816280164,0.29764679963569585,0.29039435316745577,0.21670184371780776,0.2976571986861533,0.051012964553476925,5.066060484062466,15.198181452187399,3.480463471271028e-07,0.0,0.00390625,0.00390625,0.024684836008527083,9,1.0,0,0.0,1.4890662640566213e-06,0.004755434782608696,0.004755434782608696
channel_dropout_0.3,channel_dropout,all_channels,0.3,ece,calibration,9,0.11582002166387478,0.3863778402156657,0.27055781855179095,0.2523572529468652,0.28875838415671673,0.2718597412898917,0.26077289791076586,0.2922659506245956,0.023678056765471963,11.426521239966208,34.27956371989862,5.732277018394824e-10,0.0,0.00390625,0.00390625,0.37690205275007493,9,1.0,0,0.0,8.326479803456214e-09,0.004755434782608696,0.004755434782608696
channel_dropout_0.5,channel_dropout,all_channels,0.5,roc_auc,primary,9,0.8853707793065699,0.7198735443444124,-0.1654972349621577,-0.20954596535995393,-0.12144850456436149,-0.15362408697129293,-0.19011890606420934,-0.13455325293018527,0.05730527069574785,-2.887993250059595,-8.663979750178786,2.4491334010812593e-05,0.0,0.00390625,0.00390625,0.8262452978747884,9,1.0,0,0.0,5.714644602522938e-05,0.004755434782608696,0.004755434782608696
channel_dropout_0.5,channel_dropout,all_channels,0.5,balanced_accuracy,secondary,9,0.8271072796934864,0.5126929392446633,-0.3144143404488232,-0.40086579258837446,-0.22796288830927197,-0.32756157635467986,-0.38121921182266005,-0.26014778325123167,0.11246916363213344,-2.79556040335835,-8.38668121007505,3.1040124435461705e-05,0.0,0.00390625,0.00390625,0.4285459304731338,9,1.0,0,0.0,6.685565263022521e-05,0.004755434782608696,0.004755434782608696
channel_dropout_0.5,channel_dropout,all_channels,0.5,brier_score,calibration,9,0.12249099241170638,0.42596396266629366,0.3034729702545873,0.24779188923855827,0.35915405127061634,0.2975393551471487,0.2711541356343975,0.3504376133696634,0.07243839700803381,4.18939378546616,12.568181356398478,1.5057867014051858e-06,0.0,0.00390625,0.00390625,0.3824989102271434,9,1.0,0,0.0,5.145315185132844e-06,0.004755434782608696,0.004755434782608696
channel_dropout_0.5,channel_dropout,all_channels,0.5,ece,calibration,9,0.11582002166387478,0.4218467953493217,0.30602677368544684,0.2826906111566249,0.32936293621426876,0.29887228409315136,0.29711165002911577,0.3171205992783013,0.03035922031435015,10.080192129993357,30.24057638998007,1.5519538777999387e-09,0.0,0.00390625,0.00390625,0.20798660037330602,9,1.0,0,0.0,1.4484902859466096e-08,0.004755434782608696,0.004755434782608696
cross_session_0,cross_session,all_channels,0.0,roc_auc,primary,9,0.8853707793065699,0.8702632030178327,-0.015107576288737355,-0.029853482461339204,-0.0003616701161355054,-0.001774966603543815,-0.028389864830857592,0.00046982444054399775,0.01918371170392064,-0.7875210241847915,-2.3625630725543743,0.045774718836770874,8.0,0.09765625,0.5078125,0.045641408232379284,6,0.6666666666666666,3,0.3333333333333333,0.053403838642899354,0.109375,0.56875
cross_session_0,cross_session,all_channels,0.0,balanced_accuracy,secondary,9,0.8271072796934864,0.771604938271605,-0.055502341421881596,-0.12255351297154464,0.011548830127781448,-0.027887246852764003,-0.04393814997263268,-0.003838259441707681,0.08723033561740759,-0.6362733907767473,-1.9088201723302418,0.09269960060150666,1.0,0.0078125,0.0390625,0.0005981229308379174,8,0.8888888888888888,1,0.1111111111111111,0.10382355267368745,0.009114583333333334,0.04557291666666667
cross_session_0,cross_session,all_channels,0.0,brier_score,calibration,9,0.12249099241170638,0.14817282395594808,0.025681831544241678,0.001404958379431366,0.04995870470905199,0.01763813474524431,0.01107500482540269,0.0211386479800326,0.03158303941548776,0.8131526293713126,2.439457888113938,0.040598823513063584,0.0,0.00390625,0.00390625,8.054869712016273e-05,9,1.0,0,0.0,0.04942465471155567,0.004755434782608696,0.004755434782608696
cross_session_0,cross_session,all_channels,0.0,ece,calibration,9,0.11582002166387478,0.1289586698742398,0.013138648210364992,-0.02621098059649568,0.052488277017225665,-0.005508322000996602,-0.027571794797738094,0.03045513000724291,0.051191966492345586,0.25665449308983923,0.7699634792695177,0.46344875746738745,18.0,0.65234375,1.0,0.07407369927070294,4,0.4444444444444444,5,0.5555555555555556,0.4990986618879557,0.6765046296296297,1.0
reduced_montage_motor_core,reduced_montage,motor_core,0.0,roc_auc,primary,9,0.8853707793065699,0.768112413415624,-0.11725836589094613,-0.16898715441498083,-0.06552957736691142,-0.12870732121623918,-0.15659928656361477,-0.06334295906234066,0.0672966553715067,-1.7424100089912216,-5.227230026973665,0.0007955514828020265,0.0,0.00390625,0.00390625,0.9281808515598476,9,1.0,0,0.0,0.0012375245288031521,0.004755434782608696,0.004755434782608696
reduced_montage_motor_core,reduced_montage,motor_core,0.0,balanced_accuracy,secondary,9,0.8271072796934864,0.7143404488232075,-0.11276683087027914,-0.14987950120924134,-0.07565416053131693,-0.11059113300492618,-0.12105911330049268,-0.10701970443349751,0.04828179157060754,-2.3355974830670556,-7.006792449201166,0.00011187775222406589,0.0,0.00390625,0.00390625,0.03290975765960083,9,1.0,0,0.0,0.00022375550444813177,0.004755434782608696,0.004755434782608696
reduced_montage_motor_core,reduced_montage,motor_core,0.0,brier_score,calibration,9,0.12249099241170638,0.18272395832452287,0.06023296591281646,0.03846267658828114,0.08200325523735177,0.06551019343413622,0.0355672837614589,0.0806162712968367,0.02832209490718175,2.1267129465604233,6.380138839681271,0.000213611006337773,0.0,0.00390625,0.00390625,0.5257096338228019,9,1.0,0,0.0,0.00039874054516384296,0.004755434782608696,0.004755434782608696
reduced_montage_motor_core,reduced_montage,motor_core,0.0,ece,calibration,9,0.11582002166387478,0.1195521043198002,0.0037320826559254106,-0.024643732983557355,0.03210789829540818,-0.006862380155775699,-0.018624868624879998,0.0404172730033477,0.03691556559629127,0.10109780510312308,0.30329341530936926,0.7694037500201696,21.0,0.91015625,1.0,0.498441387555566,4,0.4444444444444444,5,0.5555555555555556,0.7694037500201696,0.91015625,1.0
reduced_montage_motor_extended,reduced_montage,motor_extended,0.0,roc_auc,primary,9,0.8853707793065699,0.828209048185267,-0.057161731121303044,-0.10146168053274376,-0.012861781709862324,-0.030796670630202416,-0.10349923560387297,-0.006030236113470422,0.05763209449863179,-0.9918385166907319,-2.9755155500721955,0.017721288865193058,0.0,0.00390625,0.00390625,0.10146444353014017,9,1.0,0,0.0,0.022554367646609348,0.004755434782608696,0.004755434782608696
reduced_montage_motor_extended,reduced_montage,motor_extended,0.0,balanced_accuracy,secondary,9,0.8271072796934864,0.7660919540229885,-0.06101532567049807,-0.0992996851613272,-0.02273096617966893,-0.034852216748768594,-0.09051724137931039,-0.0314039408866994,0.04980610256465074,-1.2250572224818679,-3.675171667445603,0.0062625939974901785,0.0,0.00390625,0.00390625,0.05136243491954169,9,1.0,0,0.0,0.008350125329986904,0.004755434782608696,0.004755434782608696
reduced_montage_motor_extended,reduced_montage,motor_extended,0.0,brier_score,calibration,9,0.12249099241170638,0.14842133784246783,0.02593034543076143,0.010094645584859483,0.041766045276663374,0.0203588047705274,0.013807598700360597,0.02546425265143759,0.020601480635896487,1.2586641654085682,3.775992496225705,0.005419063142210372,0.0,0.00390625,0.00390625,0.0025291595104539447,9,1.0,0,0.0,0.007586688399094521,0.004755434782608696,0.004755434782608696
reduced_montage_motor_extended,reduced_montage,motor_extended,0.0,ece,calibration,9,0.11582002166387478,0.11320289541904868,-0.0026171262448261103,-0.01751741833798016,0.01228316584832794,-0.006065769914047309,-0.011484974104863405,0.01009777438701119,0.019384560329725724,-0.13501086433272436,-0.40503259299817307,0.6960681086303826,17.0,0.5703125,1.0,0.6358934190936391,4,0.4444444444444444,5,0.5555555555555556,0.7218484089500263,0.6141826923076923,1.0
